序号,链接,节点数
0,https://clashgithub.com/wp-content/uploads/rss/20261004.txt,420
1,https://free.datiya.com/uploads/20261003-clash.yaml,14
2,https://free.datiya.com/uploads/20261003-v2ray.txt,0
3,https://jichangx.com/nodes/v2ray-20261004-01,7
4,https://jichangx.com/nodes/v2ray-20261002-02,0
5,https://mm.mibei77.com/202610/10.0264basgr.txt,0
6,https://mm.mibei77.com/202610/10.02Clashilz.yaml,0
7,https://node.freeclashnode.com/uploads/2026/10/0-20261004.txt,337
8,https://node.freeclashnode.com/uploads/2026/10/0-20261004.yaml,337
9,https://node.freeclashnode.com/uploads/2026/10/1-20261004.txt,126
10,https://node.freeclashnode.com/uploads/2026/10/1-20261004.yaml,121
11,https://node.freeclashnode.com/uploads/2026/10/2-20261004.txt,2849
12,https://node.freeclashnode.com/uploads/2026/10/2-20261004.yaml,2423
13,https://node.freeclashnode.com/uploads/2026/10/3-20261004.txt,24
14,https://node.freeclashnode.com/uploads/2026/10/3-20261004.yaml,30
15,https://node.freeclashnode.com/uploads/2026/10/4-20261004.txt,402
16,https://node.freeclashnode.com/uploads/2026/10/4-20261004.yaml,0
17,https://nodefree.githubrowcontent.com/2026/10/20261004.txt,0
18,https://nodefree.githubrowcontent.com/2026/10/20261004.yaml,0
19,https://oneclash.githubrowcontent.com/2026/10/20261004.txt,0
20,https://oneclash.githubrowcontent.com/2026/10/20261004.yaml,0
21,https://v2rayshare.githubrowcontent.com/2026/10/20261004.txt,0
22,https://v2rayshare.githubrowcontent.com/2026/10/20261004.yaml,0
23,https://Nr5naf.absslk.xyz/e98af01c1d1a5c4506aead30efa93f08,0
24,https://raw.githubusercontent.com/Pawdroid/Free-servers/main/sub,6
25,https://raw.githubusercontent.com/Surfboardv2ray/TGParse/main/python/hysteria2,54
26,https://raw.githubusercontent.com/ermaozi/get_subscribe/main/subscribe/clash.yml,478
27,https://raw.githubusercontent.com/ripaojiedian/freenode/main/clash,14
28,https://raw.githubusercontent.com/ripaojiedian/freenode/main/sub,13
29,https://raw.githubusercontent.com/snakem982/proxypool/main/source/v2ray-2.txt,57
30,https://raw.githubusercontent.com/zhangkaiitugithub/passcro/main/speednodes.yaml,141
31,dynamic://peasoft,0

总计,,3
